WEEKDAY,TOTAL_HOURS
Sat,592.066111
Fri,503.849444
Wed,468.252222
Thu,464.612778
Tue,397.776111
Sun,389.787778
Mon,229.816667
